filename,label
02K9.png,02K9
02M3.png,02M3
03N6.png,03N6
03O2.png,03O2
05I2.png,05I2
07P7.png,07P7
0888.png,0888
09L5.png,09L5
0A66.png,0A66
0AW3.png,0AW3
0B15.png,0B15
0BS2.png,0BS2
0D26.png,0D26
0DB2.png,0DB2
0I88.png,0I88
0J85.png,0J85
0K83.png,0K83
0KK5.png,0KK5
0LF2.png,0LF2
0MA8.png,0MA8
0N24.png,0N24
0N86.png,0N86
0PD4.png,0PD4
0R19.png,0R19
0TI8.png,0TI8
0U22.png,0U22
0VD7.png,0VD7
0VW1.png,0VW1
0Z15.png,0Z15
10W7.png,10W7
13Z0.png,13Z0
16B5.png,16B5
16T3.png,16T3
17P1.png,17P1
17Y9.png,17Y9
1B76.png,1B76
1F98.png,1F98
1FS0.png,1FS0
1I80.png,1I80
1LV8.png,1LV8
1N20.png,1N20
1PM2.png,1PM2
1Q59.png,1Q59
1Y32.png,1Y32
1Y82.png,1Y82
1Z19.png,1Z19
1ZH6.png,1ZH6
20W5.png,20W5
23B6.png,23B6
23T1.png,23T1
24A5.png,24A5
24M5.png,24M5
26C4.png,26C4
28G5.png,28G5
2AN1.png,2AN1
2C37.png,2C37
2NB9.png,2NB9
2NP2.png,2NP2
2P04.png,2P04
2PW4.png,2PW4
2Q98.png,2Q98
2QK9.png,2QK9
2RY4.png,2RY4
2T10.png,2T10
2U59.png,2U59
2UW6.png,2UW6
2V60.png,2V60
2VA1.png,2VA1
2X46.png,2X46
2XY0.png,2XY0
2Z02.png,2Z02
32F6.png,32F6
32W7.png,32W7
33B6.png,33B6
33C2.png,33C2
35F6.png,35F6
39P8.png,39P8
3CU6.png,3CU6
3E21.png,3E21
3E49.png,3E49
3E97.png,3E97
3F18.png,3F18
3F48.png,3F48
3G92.png,3G92
3L12.png,3L12
3ME9.png,3ME9
3P44.png,3P44
3QA4.png,3QA4
3S26.png,3S26
3TZ0.png,3TZ0
3U64.png,3U64
3WA2.png,3WA2
3WS3.png,3WS3
3YM4.png,3YM4
40M1.png,40M1
41W2.png,41W2
42A8.png,42A8
42E4.png,42E4
44L5.png,44L5
44S6.png,44S6
44V9.png,44V9
45Z6.png,45Z6
4601.png,4601
46M5.png,46M5
48Z7.png,48Z7
49D8.png,49D8
4DL6.png,4DL6
4HQ8.png,4HQ8
4PV6.png,4PV6
4SD8.png,4SD8
4SS5.png,4SS5
4TK7.png,4TK7
4TX2.png,4TX2
4VN0.png,4VN0
4W37.png,4W37
4W93.png,4W93
4Z91.png,4Z91
50E6.png,50E6
50M3.png,50M3
53Z9.png,53Z9
56M3.png,56M3
58K2.png,58K2
58S9.png,58S9
5BP3.png,5BP3
5EV1.png,5EV1
5FW6.png,5FW6
5G61.png,5G61
5GS3.png,5GS3
5GX2.png,5GX2
5IH7.png,5IH7
5NT1.png,5NT1
5PU0.png,5PU0
5R84.png,5R84
5SX5.png,5SX5
5V57.png,5V57
5YX9.png,5YX9
61R0.png,61R0
6287.png,6287
62C5.png,62C5
62L7.png,62L7
64B2.png,64B2
65J9.png,65J9
65N4.png,65N4
65N6.png,65N6
65W9.png,65W9
65Z1.png,65Z1
66J7.png,66J7
67M5.png,67M5
68T3.png,68T3
69M4.png,69M4
6BX9.png,6BX9
6D71.png,6D71
6K43.png,6K43
6MB3.png,6MB3
6O90.png,6O90
6ON0.png,6ON0
6WR5.png,6WR5
6Y02.png,6Y02
6Z74.png,6Z74
72J5.png,72J5
72Q0.png,72Q0
76QB.png,76QB
77B4.png,77B4
7A19.png,7A19
7C28.png,7C28
7J84.png,7J84
7KM8.png,7KM8
7L10.png,7L10
7LV9.png,7LV9
7N35.png,7N35
7TD8.png,7TD8
7VE0.png,7VE0
7X49.png,7X49
7Y03.png,7Y03
80N9.png,80N9
80W2.png,80W2
8101.png,8101
81P7.png,81P7
84F6.png,84F6
86A4.png,86A4
86O8.png,86O8
8BI0.png,8BI0
8C42.png,8C42
8E95.png,8E95
8FH7.png,8FH7
8G37.png,8G37
8I92.png,8I92
8N85.png,8N85
8OX9.png,8OX9
8TO2.png,8TO2
8WL7.png,8WL7
8XV1.png,8XV1
8Y27.png,8Y27
8ZV7.png,8ZV7
9047.png,9047
90G2.png,90G2
90H1.png,90H1
91H4.png,91H4
93T2.png,93T2
96Q9.png,96Q9
98P1.png,98P1
9AD6.png,9AD6
9EB0.png,9EB0
9F07.png,9F07
9GE1.png,9GE1
9GH3.png,9GH3
9J31.png,9J31
9N57.png,9N57
9OS4.png,9OS4
9P55.png,9P55
9PP5.png,9PP5
9T17.png,9T17
9TN3.png,9TN3
A102.png,A102
A121.png,A121
A179.png,A179
A689.png,A689
A805.png,A805
A8E2.png,A8E2
A8L6.png,A8L6
A963.png,A963
AV73.png,AV73
B0Z6.png,B0Z6
B217.png,B217
B2Y4.png,B2Y4
B848.png,B848
BL85.png,BL85
BM89.png,BM89
BP05.png,BP05
BT50.png,BT50
C1R8.png,C1R8
C423.png,C423
C4B7.png,C4B7
C4W2.png,C4W2
C6I5.png,C6I5
C8N7.png,C8N7
C953.png,C953
CT50.png,CT50
CTT2.png,CTT2
CW00.png,CW00
D6L1.png,D6L1
D743.png,D743
D8N4.png,D8N4
DF82.png,DF82
DX72.png,DX72
E085.png,E085
E101.png,E101
E529.png,E529
E544.png,E544
E584.png,E584
E685.png,E685
E8Y0.png,E8Y0
E989.png,E989
EB34.png,EB34
EC60.png,EC60
EF59.png,EF59
EX74.png,EX74
F194.png,F194
F210.png,F210
F3H8.png,F3H8
F3U5.png,F3U5
F435.png,F435
F651.png,F651
FC05.png,FC05
FC88.png,FC88
FG82.png,FG82
FH79.png,FH79
FLL4.png,FLL4
FS23.png,FS23
FSQ4.png,FSQ4
FT17.png,FT17
FW93.png,FW93
FX22.png,FX22
FX78.png,FX78
FY00.png,FY00
FY15.png,FY15
FYH6.png,FYH6
G038.png,G038
G2N3.png,G2N3
G877.png,G877
GR80.png,GR80
GT81.png,GT81
GW87.png,GW87
GZ02.png,GZ02
H0U0.png,H0U0
H423.png,H423
H513.png,H513
H7O0.png,H7O0
H910.png,H910
H9F3.png,H9F3
HB40.png,HB40
HJ09.png,HJ09
HN10.png,HN10
HN13.png,HN13
HXP9.png,HXP9
I0E1.png,I0E1
I216.png,I216
I785.png,I785
I8P5.png,I8P5
I995.png,I995
IFP3.png,IFP3
IJK5.png,IJK5
J056.png,J056
J209.png,J209
J864.png,J864
JB16.png,JB16
JS14.png,JS14
K1M0.png,K1M0
K314.png,K314
K369.png,K369
K447.png,K447
K4M6.png,K4M6
K9I4.png,K9I4
KBT7.png,KBT7
KH72.png,KH72
KIA0.png,KIA0
L0S1.png,L0S1
L555.png,L555
L9H3.png,L9H3
L9H8.png,L9H8
LCS8.png,LCS8
LTC7.png,LTC7
M064.png,M064
M1Y6.png,M1Y6
M410.png,M410
M531.png,M531
M839.png,M839
M909.png,M909
MB89.png,MB89
MJ98.png,MJ98
MK78.png,MK78
MLS4.png,MLS4
MY26.png,MY26
N0S4.png,N0S4
N2L9.png,N2L9
N3E5.png,N3E5
N673.png,N673
N783.png,N783
N869.png,N869
N878.png,N878
NKX5.png,NKX5
NV68.png,NV68
NZH4.png,NZH4
O043.png,O043
O209.png,O209
O810.png,O810
OH29.png,OH29
OJ22.png,OJ22
OYV1.png,OYV1
P790.png,P790
P9Y0.png,P9Y0
PC40.png,PC40
PDZ7.png,PDZ7
PH48.png,PH48
PML8.png,PML8
PX43.png,PX43
Q230.png,Q230
Q6K3.png,Q6K3
Q701.png,Q701
QL89.png,QL89
R534.png,R534
R7C1.png,R7C1
RD81.png,RD81
RP54.png,RP54
RR09.png,RR09
S081.png,S081
S386.png,S386
S7E2.png,S7E2
S803.png,S803
S981.png,S981
SA06.png,SA06
SF80.png,SF80
SG87.png,SG87
SXO9.png,SXO9
SY95.png,SY95
T085.png,T085
T167.png,T167
T306.png,T306
T320.png,T320
T425.png,T425
T497.png,T497
T4Z5.png,T4Z5
T502.png,T502
T956.png,T956
T973.png,T973
TDC9.png,TDC9
TFH4.png,TFH4
TR60.png,TR60
TRJ9.png,TRJ9
TTN4.png,TTN4
TZH7.png,TZH7
U0F5.png,U0F5
U1C7.png,U1C7
U791.png,U791
U7L8.png,U7L8
U931.png,U931
UDT1.png,UDT1
UM55.png,UM55
UP74.png,UP74
US86.png,US86
UU88.png,UU88
V1R7.png,V1R7
V344.png,V344
V413.png,V413
V7P5.png,V7P5
VC43.png,VC43
VDM1.png,VDM1
VO30.png,VO30
W4V7.png,W4V7
W827.png,W827
WGX5.png,WGX5
WI42.png,WI42
WL60.png,WL60
WP73.png,WP73
WT32.png,WT32
X042.png,X042
X0F8.png,X0F8
X2V5.png,X2V5
X443.png,X443
X4U4.png,X4U4
X702.png,X702
X784.png,X784
X7N7.png,X7N7
X7Q2.png,X7Q2
X9H0.png,X9H0
XB53.png,XB53
XG95.png,XG95
XT84.png,XT84
XY90.png,XY90
Y444.png,Y444
Y584.png,Y584
Y593.png,Y593
Y5M6.png,Y5M6
Y662.png,Y662
Y6C9.png,Y6C9
Y8R2.png,Y8R2
Y953.png,Y953
YK41.png,YK41
YR41.png,YR41
YR51.png,YR51
YW15.png,YW15
Z2E8.png,Z2E8
Z4B7.png,Z4B7
Z4B8.png,Z4B8
Z4M9.png,Z4M9
Z599.png,Z599
Z9J2.png,Z9J2
ZJY4.png,ZJY4
